<?xml version="1.0" encoding="UTF-8"?>

<jbpm-configuration>

  <process-engine-context>
  
    <repository-service />
    <repository-cache />
    <execution-service />
    <history-service />
    <management-service />
    <identity-service />
    <task-service />

    <hibernate-configuration>
      <cfg resource="jbpm.hibernate.cfg.xml" />     
    </hibernate-configuration>

    <hibernate-session-factory />

    <script-manager default-expression-language="juel"
                    default-script-language="juel">
      <script-language name="juel" factory="org.jbpm.pvm.internal.script.JuelScriptEngineFactory" />
    </script-manager>
    
    <authentication />

    <id-generator />
    <types resource="jbpm.variable.types.xml" />

    <address-resolver />

    <business-calendar>
      <monday    hours="9:00-12:00 and 12:30-17:00"/>
      <tuesday   hours="9:00-12:00 and 12:30-17:00"/>
      <wednesday hours="9:00-12:00 and 12:30-17:00"/>
      <thursday  hours="9:00-12:00 and 12:30-17:00"/>
      <friday    hours="9:00-12:00 and 12:30-17:00"/>
      <holiday period="01/07/2008 - 31/08/2008"/>
    </business-calendar>
    
    <mail-template name='task-notification'>
      <to users="${task.assignee}"/>
      <subject>${task.name}</subject>
      <text><![CDATA[Hi ${task.assignee},
Task "${task.name}" has been assigned to you.
${task.description}

Sent by JBoss jBPM
]]></text>
    </mail-template>
  
    <mail-template name='task-reminder'>
      <to users="${task.assignee}"/>
      <subject>${task.name}</subject>
      <text><![CDATA[Hey ${task.assignee},
Do not forget about task "${task.name}".
${task.description}

Sent by JBoss jBPM
]]></text>
    </mail-template>
  
  </process-engine-context>

  <transaction-context>
    <repository-session />
    <db-session />
    
    <message-session />
    <timer-session />
    <history-session />
    <mail-session>
      <mail-server>
        <session-properties resource="jbpm.mail.properties" />
      </mail-server>
    </mail-session>
  </transaction-context>

</jbpm-configuration>
