<activities>
  <activity binding="org.jbpm.jpdl.internal.activity.StartBinding" />
  <activity binding="org.jbpm.jpdl.internal.activity.StateBinding" />
  <activity binding="org.jbpm.jpdl.internal.activity.DecisionBinding" />
  <activity binding="org.jbpm.jpdl.internal.activity.EndBinding" />
  <activity binding="org.jbpm.jpdl.internal.activity.EndCancelBinding" />
  <activity binding="org.jbpm.jpdl.internal.activity.EndErrorBinding" />
  <activity binding="org.jbpm.jpdl.internal.activity.ForkBinding" />
  <activity binding="org.jbpm.jpdl.internal.activity.JoinBinding" />
  <activity binding="org.jbpm.jpdl.internal.activity.HqlBinding" />
  <activity binding="org.jbpm.jpdl.internal.activity.SqlBinding" />
  <activity binding="org.jbpm.jpdl.internal.activity.JavaBinding" />
  <activity binding="org.jbpm.jpdl.internal.activity.ScriptBinding" />
  <activity binding="org.jbpm.jpdl.internal.activity.TaskBinding" />
  <activity binding="org.jbpm.jpdl.internal.activity.SubProcessBinding" />
  <activity binding="org.jbpm.jpdl.internal.activity.MailBinding" />
  <activity binding="org.jbpm.jpdl.internal.activity.GroupBinding" />
  <activity binding="org.jbpm.jpdl.internal.activity.CustomBinding" />
</activities>
